{"tvl": 618207538.7228053, "tvl_history": [[1714089600000, 18297938.30984], [1714176000000, 20760298.98052], [1714262400000, 23871254.76357], [1714348800000, 25446750.19845], [1714435200000, 26860793.32543], [1714521600000, 22136532.50818], [1714608000000, 20479465.34247], [1714694400000, 4910982.43292], [1714780800000, 2064151.20727], [1714867200000, 1382493.77939], [1714953600000, 1101852.12816], [1715040000000, 27321737.83528], [1715126400000, 30713852.07189], [1715212800000, 27455842.02456], [1715299200000, 31642205.80501], [1715385600000, 34485270.10634], [1715472000000, 36710431.0331], [1715558400000, 36831594.43885], [1715644800000, 43028213.41252], [1715731200000, 41149517.44654], [1715817600000, 42753547.86297], [1715904000000, 49318036.90825], [1715990400000, 55212630.27485], [1716076800000, 58771428.33752], [1716163200000, 59415223.80901], [1716249600000, 63685503.30514], [1716336000000, 68097866.15503], [1716422400000, 68452186.11496], [1716508800000, 68671269.39694], [1716595200000, 72910032.81518], [1716681600000, 71188264.42831], [1716768000000, 78320445.98462], [1716854400000, 77804610.23612], [1716940800000, 76181032.80125], [1717027200000, 77772204.18946], [1717113600000, 78324430.72522], [1717200000000, 83762143.3959], [1717286400000, 85807540.00259], [1717372800000, 86325390.97292], [1717459200000, 84586274.82212], [1717545600000, 91229218.63812], [1717632000000, 90923987.5217], [1717718400000, 92696586.80386], [1717804800000, 87416299.36006], [1717891200000, 89295659.95991], [1717977600000, 89462666.53892], [1718064000000, 87930413.79495], [1718150400000, 82607205.9876], [1718236800000, 78176135.5477], [1718323200000, 79713289.67675], [1718409600000, 78971726.70868], [1718496000000, 82685936.33534], [1718582400000, 76752110.67966], [1718668800000, 78803573.20828], [1718755200000, 74831411.61943], [1718841600000, 77443201.67616], [1718928000000, 77099976.54318], [1719014400000, 76023189.28734], [1719100800000, 77213207.14768], [1719187200000, 76020908.77219], [1719273600000, 73521990.2005], [1719360000000, 79057372.3784], [1719446400000, 80837795.49629], [1719532800000, 78703664.0819], [1719619200000, 77800317.05922], [1719705600000, 81372319.76591], [1719792000000, 80693692.47803], [1719878400000, 81192821.55069], [1719964800000, 79188920.02839], [1720051200000, 74608219.62007], [1720137600000, 67787325.5642], [1720224000000, 59570821.50249], [1720310400000, 67025901.84108], [1720396800000, 64176815.07709], [1720483200000, 64607243.64279], [1720569600000, 62389806.14481], [1720656000000, 65246977.99817], [1720742400000, 66643084.10789], [1720828800000, 68506712.07818], [1720915200000, 72055131.639], [1721001600000, 76119822.85897], [1721088000000, 82393706.82809], [1721174400000, 86091667.88135], [1721260800000, 86928174.54401], [1721347200000, 90083077.3419], [1721433600000, 97663657.11538], [1721520000000, 100299155.23855], [1721606400000, 98322964.12212], [1721692800000, 98273237.61005], [1721779200000, 100094658.81085], [1721865600000, 100386556.25548], [1721952000000, 94403820.3852], [1722038400000, 103673705.88439], [1722124800000, 103185317.74114], [1722211200000, 106170951.63248], [1722297600000, 108457659.24429], [1722384000000, 114970612.58537], [1722470400000, 114838436.73252], [1722556800000, 121548012.78656], [1722643200000, 115987271.4203], [1722729600000, 117129999.34628], [1722816000000, 109511443.46529], [1722902400000, 84996101.73014], [1722988800000, 95890169.8377], [1723075200000, 93300352.91203], [1723161600000, 101966465.30227], [1723248000000, 100439925.8015], [1723334400000, 102953321.12922], [1723420800000, 101519258.50984], [1723507200000, 103330212.49361], [1723593600000, 107182643.34457], [1723680000000, 108879651.11193], [1723766400000, 102265068.33213], [1723852800000, 108005226.43817], [1723939200000, 109598971.66088], [1724025600000, 111974210.04053], [1724112000000, 107007811.78884], [1724198400000, 107502319.14153], [1724284800000, 108921119.45136], [1724371200000, 109991511.00484], [1724457600000, 107791281.3898], [1724544000000, 112296854.97494], [1724630400000, 117054944.1796], [1724716800000, 113106067.90018], [1724803200000, 102914278.09174], [1724889600000, 105322318.34375], [1724976000000, 108456820.43636], [1725062400000, 113085881.24241], [1725148800000, 113025354.4597], [1725235200000, 102880377.29375], [1725321600000, 107723115.10699], [1725408000000, 112424394.71371], [1725494400000, 112229524.65835], [1725580800000, 105995915.97497], [1725667200000, 107243268.56885], [1725753600000, 109897950.27718], [1725840000000, 107534319.73355], [1725926400000, 112616916.07568], [1726012800000, 114981465.00652], [1726099200000, 117814548.52878], [1726185600000, 148604417.55102], [1726272000000, 211539831.42552], [1726358400000, 214975341.86082], [1726444800000, 221471892.01278], [1726531200000, 214756387.16732], [1726617600000, 232589276.78921], [1726704000000, 275537680.86511], [1726790400000, 313621324.79043], [1726876800000, 331453585.68498], [1726963200000, 345114076.52323], [1727049600000, 344737019.63518], [1727136000000, 365432514.35801], [1727222400000, 379179963.83682], [1727308800000, 371476485.3499], [1727395200000, 400789839.12572], [1727481600000, 448805690.23021], [1727568000000, 464321461.35014], [1727654400000, 501996949.97283], [1727740800000, 489042494.20665], [1727827200000, 491356080.46077], [1727913600000, 473279872.35886], [1728000000000, 480775032.57612], [1728086400000, 498474390.0045], [1728172800000, 509102799.03829], [1728259200000, 515703039.2777], [1728345600000, 521494686.43474], [1728432000000, 535025369.31366], [1728518400000, 533521660.65711], [1728604800000, 552757496.74152], [1728691200000, 581461946.29984], [1728777600000, 599899439.44237], [1728864000000, 602448557.11088], [1728950400000, 662671229.67143], [1729036800000, 649294960.74474], [1729123200000, 657201789.53584], [1729209600000, 660267613.52861], [1729296000000, 692533182.50067], [1729382400000, 702205701.51235], [1729468800000, 700749446.25412], [1729555200000, 705537500.75058], [1729641600000, 704357035.92749], [1729728000000, 670665625.89253], [1729814400000, 677926442.1771], [1729900800000, 661121431.37691], [1729987200000, 680753464.5487], [1730073600000, 700907778.97442], [1730160000000, 710309051.99824], [1730246400000, 715271025.77692], [1730332800000, 745250551.52603], [1730419200000, 604488532.86962], [1730505600000, 612380712.46951], [1730592000000, 607340973.71477], [1730678400000, 585046483.35462], [1730764800000, 562220385.76648], [1730851200000, 579235600.48173], [1730937600000, 638807535.61194], [1731024000000, 678280598.29037], [1731110400000, 700193608.1787], [1731196800000, 724668358.55302], [1731283200000, 740820713.98332], [1731369600000, 762444656.52821], [1731456000000, 808447384.0454], [1731542400000, 808149346.47235], [1731628800000, 786607359.53506], [1731715200000, 805507927.08433], [1731801600000, 855480745.36934], [1731888000000, 838674698.05244], [1731974400000, 859747080.33876], [1732060800000, 844111420.50114], [1732147200000, 828677019.87177], [1732233600000, 867675569.72909], [1732320000000, 868385392.00225], [1732406400000, 876751051.39219], [1732492800000, 867672710.23023], [1732579200000, 874556813.24632], [1732665600000, 882442121.23049], [1732752000000, 947451418.8281], [1732838400000, 935519783.79273], [1732924800000, 947077387.63942], [1733011200000, 959200238.52203], [1733097600000, 963674372.54161], [1733184000000, 953207227.01682], [1733270400000, 964253905.32884], [1733356800000, 1002373126.71798], [1733443200000, 996952528.64266], [1733529600000, 1057911420.41328], [1733616000000, 1070310397.85547], [1733702400000, 1054735398.73275], [1733788800000, 1033270286.88114], [1733875200000, 1031009442.54761], [1733961600000, 1019566525.94804], [1734048000000, 1052589649.63401], [1734134400000, 1015437829.91111], [1734220800000, 1030895697.80937], [1734307200000, 1033787476.83564], [1734393600000, 1045994829.24616], [1734480000000, 1024715108.02732], 