{"tvl": 344898535.8015424, "tvl_history": [[1710115200000, 685493.85234], [1710201600000, 1351062.61902], [1710288000000, 2683037.52992], [1710374400000, 5256299.15119], [1710460800000, 5364869.349], [1710547200000, 5385039.2323], [1710633600000, 5424798.826], [1710720000000, 5539044.67883], [1710806400000, 6130876.66505], [1710892800000, 6200096.90085], [1710979200000, 7417244.13064], [1711065600000, 7237612.23621], [1711152000000, 8973618.98571], [1711238400000, 8899348.9178], [1711324800000, 8849670.45374], [1711411200000, 9978300.93486], [1711497600000, 18193433.53184], [1711584000000, 24807582.58119], [1711670400000, 25928591.30218], [1711756800000, 24738168.16423], [1711843200000, 23849074.31495], [1711929600000, 22383162.48994], [1712016000000, 22697011.72194], [1712102400000, 26696073.73348], [1712188800000, 26862626.06874], [1712275200000, 27614384.85336], [1712361600000, 28468533.57101], [1712448000000, 29086644.74005], [1712534400000, 32007349.18149], [1712620800000, 32947638.03515], [1712707200000, 32514517.91352], [1712793600000, 32304727.11386], [1712880000000, 32424750.99866], [1712966400000, 30658570.06614], [1713052800000, 27627062.01567], [1713139200000, 28599013.88023], [1713225600000, 28863516.18951], [1713312000000, 30793620.99263], [1713398400000, 31923186.03656], [1713484800000, 31696659.14582], [1713571200000, 33753027.80265], [1713657600000, 34483237.79219], [1713744000000, 34765520.86463], [1713830400000, 35809299.43267], [1713916800000, 35374637.56377], [1714003200000, 35088080.58069], [1714089600000, 34824620.41671], [1714176000000, 34257280.29103], [1714262400000, 34873477.83894], [1714348800000, 35524410.25953], [1714435200000, 40379941.84131], [1714521600000, 40283541.40852], [1714608000000, 40423592.74228], [1714694400000, 41023018.09831], [1714780800000, 38145737.01112], [1714867200000, 41117182.83863], [1714953600000, 41211627.96632], [1715040000000, 43337582.62658], [1715126400000, 47006886.73365], [1715212800000, 48454372.70699], [1715299200000, 49865178.49892], [1715385600000, 50766411.48158], [1715472000000, 51287502.58434], [1715558400000, 51410380.79662], [1715644800000, 50505167.03614], [1715731200000, 49253793.52284], [1715817600000, 52822382.37363], [1715904000000, 53729518.77558], [1715990400000, 55880517.30072], [1716076800000, 56356633.67467], [1716163200000, 54728369.24455], [1716249600000, 57097777.76983], [1716336000000, 57500815.49143], [1716422400000, 55488028.65722], [1716508800000, 53845093.67126], [1716595200000, 53575967.58912], [1716681600000, 53404298.40796], [1716768000000, 54036561.56561], [1716854400000, 55432251.32247], [1716940800000, 52941791.96154], [1717027200000, 59688077.69427], [1717113600000, 52885817.43968], [1717200000000, 53218576.33866], [1717286400000, 52943362.80492], [1717372800000, 52970421.05193], [1717459200000, 54164056.74955], [1717545600000, 53564093.36232], [1717632000000, 54617274.05978], [1717718400000, 55342450.51048], [1717804800000, 56980762.49811], [1717891200000, 55940745.20244], [1717977600000, 54241168.28448], [1718064000000, 52247743.38705], [1718236800000, 64352117.53934], [1718323200000, 62928869.17395], [1718409600000, 61635089.5986], [1718496000000, 61557319.84389], [1718582400000, 60755993.86569], [1718668800000, 57746880.29339], [1718755200000, 56965617.64717], [1718841600000, 64411858.97408], [1718928000000, 63642012.94979], [1719014400000, 61821773.07161], [1719100800000, 63179021.73246], [1719273600000, 66761799.23614], [1719360000000, 65043475.55718], [1719446400000, 63386042.34715], [1719532800000, 63763341.34189], [1719619200000, 63357272.57165], [1719705600000, 62531420.43382], [1719792000000, 64003869.24073], [1719878400000, 63161615.85784], [1719964800000, 58588020.09627], [1720051200000, 57008164.87432], [1720137600000, 52948546.76124], [1720224000000, 45159129.81434], [1720310400000, 47851864.96407], [1720396800000, 44965765.89933], [1720483200000, 47816963.66541], [1720569600000, 47652427.28454], [1720656000000, 48080337.82259], [1720742400000, 48872202.99169], [1720828800000, 48452088.22261], [1720915200000, 49063353.64836], [1721001600000, 50463934.75251], [1721088000000, 52699024.72992], [1721174400000, 52907552.17609], [1721260800000, 52233359.93975], [1721347200000, 50611745.65872], [1721433600000, 52842306.00664], [1721520000000, 52839818.77925], [1721606400000, 53649658.3988], [1721692800000, 52819550.60504], [1721779200000, 52454940.08615], [1721865600000, 50800198.62442], [1721952000000, 50038005.20039], [1722038400000, 51462771.36631], [1722124800000, 51562475.09825], [1722211200000, 49878954.12094], [1722297600000, 49690839.90156], [1722384000000, 37066968.14764], [1722470400000, 37063796.92929], [1722556800000, 37254306.11874], [1722643200000, 37516062.6431], [1722729600000, 34357687.70467], [1722816000000, 34013246.09815], [1722902400000, 33950600.86332], [1722988800000, 42956041.05872], [1723075200000, 47240772.97338], [1723161600000, 57982752.91386], [1723248000000, 66849607.73941], [1723334400000, 73167485.22506], [1723420800000, 71898087.61591], [1723507200000, 76340645.12734], [1723593600000, 84959659.25015], [1723680000000, 82686316.57315], [1723766400000, 79751453.44255], [1723852800000, 81748221.87961], [1723939200000, 78161307.76974], [1724025600000, 77615056.33944], [1724112000000, 79946422.71371], [1724198400000, 77503378.14944], [1724284800000, 76756563.65353], [1724371200000, 75422308.66817], [1724457600000, 84028578.08131], [1724544000000, 84371986.08241], [1724630400000, 80860304.52364], [1724716800000, 88726620.01006], [1724803200000, 80780251.148], [1724889600000, 82109838.79455], [1724976000000, 85430328.75991], [1725062400000, 85893001.9213], [1725148800000, 88386034.43298], [1725235200000, 85548662.23445], [1725321600000, 86891897.87525], [1725408000000, 85703697.32165], [1725494400000, 87878940.54335], [1725580800000, 89772250.78775], [1725667200000, 91235901.63947], [1725753600000, 95071814.73251], [1725840000000, 97637747.36976], [1725926400000, 103262228.55592], [1726012800000, 105372423.86437], [1726099200000, 109133585.01528], [1726185600000, 117383201.15287], [1726272000000, 117107573.06674], [1726358400000, 114866632.91876], [1726444800000, 118466565.55275], [1726531200000, 114566830.80049], [1726617600000, 123448684.36781], [1726704000000, 128059999.3701], [1726790400000, 135297711.89148], [1726876800000, 151933039.32043], [1726963200000, 155145513.75145], [1727049600000, 155494752.54086], [1727136000000, 159883460.07514], [1727222400000, 165420518.64444], [1727308800000, 160416369.72183], [1727395200000, 161628107.25119], [1727481600000, 162114387.11776], [1727568000000, 158855258.28873], [1727654400000, 168454367.4039], [1727740800000, 172344952.43263], [1727827200000, 169223539.40912], [1727913600000, 170525481.65638], [1728000000000, 166314530.93554], [1728086400000, 173744833.81888], [1728172800000, 171526071.7154], [1728259200000, 175030139.34355], [1728345600000, 197965186.46126], [1728432000000, 185950065.07302], [1728518400000, 177958194.15171], [1728604800000, 174047050.80798], [1728691200000, 183119808.14832], [1728777600000, 197433778.24016], [1728864000000, 195452772.31978], [1728950400000, 192110189.57935], [1729036800000, 185023267.14506], [1729123200000, 197376685.96829], [1729209600000, 189612334.93316], [1729296000000, 197758231.19002], [1729382400000, 198395436.82077], [1729468800000, 208370419.25401], [1729555200000, 207841636.36585], [1729641600000, 207519911.51442], [1729728000000, 213443585.19813], [1729814400000, 217068495.57395], [1729900800000, 206446732.9451], [1729987200000, 198294038.09784], [1730073600000, 191943691.44262], [1730160000000, 191877011.84988], [1730246400000, 218426493.64093], [1730332800000, 221583542.55942], [1730419200000, 213565759.02018], [1730505600000, 219478454.54539], [1730592000000, 212940478.40504], [1730678400000, 213206571.94841], [1730764800000, 209580700.98506], [1730851200000, 213803256.43645], [1730937600000, 239149373.60509], 