{"tvl": 80634547.95511717, "tvl_history": [[1711152000000, 387012.884], [1711238400000, 1716055.3385], [1711324800000, 692928.90829], [1711411200000, 517281], [1711497600000, 445830.5341], [1711584000000, 453055.88848], [1711670400000, 424120.53802], [1711756800000, 404343], [1711843200000, 410348.42399], [1711929600000, 383321], [1712016000000, 365294.63014], [1712102400000, 357630], [1712188800000, 363023], [1712275200000, 350907.557], [1712361600000, 376246], [1712448000000, 343728.729], [1712534400000, 340408.75496], [1712620800000, 382718], [1712707200000, 383517.77049], [1712793600000, 403256.72687], [1712880000000, 1634987.28952], [1712966400000, 1915490], [1713052800000, 1892500.61], [1713139200000, 1881293.61392], [1713225600000, 2147041.50829], [1713312000000, 2303403.102], [1713398400000, 2256870.92532], [1713484800000, 2453633.182], [1713571200000, 2837731.81869], [1713657600000, 2604626.024], [1713744000000, 2727280.39305], [1713830400000, 3850102.03059], [1713916800000, 4184459], [1714003200000, 4225592.27869], [1714089600000, 4314726.73933], [1714176000000, 4362361.25124], [1714262400000, 4446818.86787], [1714348800000, 4443753.66017], [1714435200000, 3946673.00664], [1714521600000, 4022184.1238], [1714608000000, 4206435.73347], [1714694400000, 4380866.99612], [1714780800000, 4710837.51571], [1714867200000, 4759316.562], [1714953600000, 4748152.459], [1715040000000, 4931142.99457], [1715126400000, 4815266.28127], [1715212800000, 4829122.40186], [1715299200000, 4890613.01105], [1715385600000, 4727940.18522], [1715472000000, 4591667.06352], [1715558400000, 4721597.01097], [1715644800000, 4794132.0225], [1715731200000, 4668427.84793], [1715817600000, 4894456.46981], [1715904000000, 4882326.23315], [1715990400000, 4947907.965], [1716076800000, 4937493.51003], [1716163200000, 4844284.39649], [1716249600000, 5125641.521], [1716336000000, 5000228.30362], [1716422400000, 4959593.24569], [1716508800000, 4919361.23396], [1716595200000, 5042048.55778], [1716681600000, 5123247.64825], [1716768000000, 5088806.51059], [1716854400000, 5197303.96325], [1716940800000, 5074319.68088], [1717027200000, 5135311.36418], [1717113600000, 5290548.49798], [1717200000000, 5434361.11361], [1717286400000, 5547845.47593], [1717372800000, 5630293.72593], [1717459200000, 5791160.97465], [1717545600000, 5897805.16715], [1717632000000, 6172514.34578], [1717718400000, 5940842.27458], [1717804800000, 5728847.4249], [1717891200000, 6074141.5622], [1717977600000, 5956188.82956], [1718064000000, 6284699.97639], [1718150400000, 6052333.95283], [1718236800000, 6263104.34554], [1718323200000, 6360695.09237], [1718409600000, 6413106.8502], [1718496000000, 6746128.38442], [1718582400000, 6843044.58682], [1718668800000, 7218682.8284], [1718755200000, 7146748.55563], [1718841600000, 7706897.71738], [1718928000000, 7951422.2338], [1719014400000, 7726046.78802], [1719100800000, 9649267.31304], [1719187200000, 9575135.17802], [1719273600000, 9866604.89347], [1719360000000, 5926314], [1719446400000, 9574653.38802], [1719532800000, 9628895.76634], [1719619200000, 9005741.75126], [1719705600000, 8797791.70072], [1719792000000, 8136459.87174], [1719878400000, 8324998.04122], [1719964800000, 7627098.34339], [1720051200000, 7544465.89604], [1720137600000, 7868646.08398], [1720224000000, 7671137], [1720310400000, 8186384.206], [1720396800000, 8033557.9921], [1720483200000, 8336620], [1720569600000, 8540366], [1720656000000, 8628342], [1720742400000, 8655449.1974], [1720828800000, 9396592], [1720915200000, 9110245.144], [1721001600000, 9756600.15478], [1721088000000, 9879436.82553], [1721174400000, 11145037.904], [1721260800000, 11262834.59628], [1721347200000, 10836575.77457], [1721433600000, 10844198.365], [1721520000000, 10739742.58441], [1721606400000, 11359532.00433], [1721692800000, 11462254], [1721779200000, 11659863.02749], [1721865600000, 11420689.8645], [1721952000000, 11781305.91905], [1722124800000, 11931250.01183], [1722211200000, 12035845.81176], [1722297600000, 12369535.62178], [1722816000000, 11057477.80328], [1722988800000, 10633943.99013], [1723075200000, 12921138.93704], [1723248000000, 11812872.78334], [1723334400000, 11964004.55553], [1724284800000, 14209893.40984], [1724371200000, 14389674.65925], [1724457600000, 15230239.5849], [1724544000000, 15034519.28681], [1724630400000, 15031303.47075], [1724716800000, 14811515.65245], [1724803200000, 14666228.75731], [1724889600000, 14737936.43427], [1724976000000, 14556434.13975], [1725062400000, 14749757.72869], [1725148800000, 14418946.88575], [1725235200000, 14542732.59031], [1725321600000, 15153670.62287], [1725408000000, 14708781.13287], [1725494400000, 14770372.20031], [1725580800000, 14487737.78424], [1725667200000, 14206295.93337], [1725753600000, 14273506.32837], [1725840000000, 14215431.35827], [1725926400000, 14435641.49989], [1733184000000, 67662078.4593], [1733270400000, 68090099.97032], [1733356800000, 61999987.59969], [1733443200000, 58650833.21712], [1733529600000, 63122280.79053], [1733616000000, 68513708.30212], [1733702400000, 68008583.72776], [1733788800000, 57559157.64302], [1733875200000, 62856502.09186], [1733961600000, 64727320.69723], [1734048000000, 62761469.48365], [1734134400000, 65206548.81333], [1734220800000, 64515704.66707], [1734307200000, 66381407.36175], [1734393600000, 66642785.49453], [1734480000000, 67470824.99293], [1734566400000, 61593019.3632], [1734652800000, 59414930.07219], [1734739200000, 60475910.96634], [1734825600000, 58884439.62512], [1734912000000, 58353949.17805], [1734998400000, 59945420.51926], [1735084800000, 61802137.08402], [1735171200000, 61006401.41341], [1735257600000, 57027723.06036], [1735344000000, 56762477.83683], [1735430400000, 57823458.73097], [1735516800000, 55436251.71914], [1735603200000, 54905761.27207], [1735689600000, 55171006.49561], [1735776000000, 62067382.30756], [1735862400000, 63658853.64878], [1735948800000, 65250324.99], [1736035200000, 64189344.09585], [1736121600000, 63658853.64878], [1736208000000, 64189344.09585], [1736294400000, 60475910.96634], [1736380800000, 62863117.97817], [1736467200000, 60475910.96634], [1736553600000, 62067382.30756], [1736640000000, 67637532.00183], [1736726400000, 66311305.88414], [1736812800000, 66841796.33122], [1736899200000, 70820474.68426], [1736985600000, 83817490.63756], [1737072000000, 85408961.97878], [1737158400000, 87265678.54353], [1737244800000, 85408961.97878], [1737331200000, 77451605.27268], [1737417600000, 83287000.19048], [1737504000000, 83817490.63756], [1737590400000, 84082735.86109], [1737676800000, 83021754.96695], [1737763200000, 82226019.29634], [1737849600000, 82756509.74341], [1737936000000, 80634547.95512], [1738022400000, 80634547.95512]], "category": "Dexs", "chains": ["Ripple"]}